Time,Position,Symbol,Type,Volume,Price,S / L,T / P,Time,Price,Commission,Swap,Profit,
2025.08.26 18:09:21,485598,XAUUSD,buy,0.35,3380.18,,,2025.08.26 18:12:06,3380.8,-2.1,0,21.7,
2025.08.26 18:09:21,485599,XAUUSD,buy,0.35,3380.18,,,2025.08.26 18:12:06,3380.8,-2.1,0,21.7,
2025.08.26 18:09:21,485600,XAUUSD,buy,0.35,3380.18,,,2025.08.26 18:12:06,3380.8,-2.1,0,21.7,
2025.08.26 18:09:21,485601,XAUUSD,buy,0.35,3380.18,,,2025.08.26 18:12:06,3380.8,-2.1,0,21.7,
2025.08.26 18:09:21,485602,XAUUSD,buy,0.35,3380.18,,,2025.08.26 18:12:06,3380.8,-2.1,0,21.7,
2025.08.26 18:09:22,485603,XAUUSD,buy,0.35,3380.18,,,2025.08.26 18:12:06,3380.8,-2.1,0,21.7,
2025.08.26 18:09:22,485604,XAUUSD,buy,0.35,3380.18,,,2025.08.26 18:12:06,3380.8,-2.1,0,21.7,
2025.08.26 18:09:22,485605,XAUUSD,buy,0.35,3380.18,,,2025.08.26 18:12:06,3380.8,-2.1,0,21.7,
2025.08.26 18:09:22,485606,XAUUSD,buy,0.35,3380.18,,,2025.08.26 18:12:06,3380.8,-2.1,0,21.7,
2025.08.26 18:09:22,485607,XAUUSD,buy,0.35,3380.18,,,2025.08.26 18:12:06,3380.8,-2.1,0,21.7,
2025.08.26 18:09:22,485608,XAUUSD,buy,0.35,3380.2,,,2025.08.26 18:12:06,3380.8,-2.1,0,21,
2025.08.26 18:09:23,485609,XAUUSD,buy,0.35,3380.18,,,2025.08.26 18:12:06,3380.8,-2.1,0,21.7,
2025.08.26 18:09:23,485610,XAUUSD,buy,0.35,3380.18,,,2025.08.26 18:12:06,3380.8,-2.1,0,21.7,
2025.08.26 18:09:23,485611,XAUUSD,buy,0.35,3380.18,,,2025.08.26 18:12:06,3380.8,-2.1,0,21.7,
2025.08.26 18:09:23,485612,XAUUSD,buy,0.35,3380.18,,,2025.08.26 18:12:06,3380.8,-2.1,0,21.7,
2025.08.26 18:09:23,485613,XAUUSD,buy,0.35,3380.18,,,2025.08.26 18:12:06,3380.8,-2.1,0,21.7,
2025.08.26 18:09:23,485614,XAUUSD,buy,0.35,3380.18,,,2025.08.26 18:12:06,3380.8,-2.1,0,21.7,
2025.08.26 18:09:24,485615,XAUUSD,buy,0.35,3380.18,,,2025.08.26 18:12:06,3380.8,-2.1,0,21.7,
2025.08.26 18:09:24,485616,XAUUSD,buy,0.35,3380.18,,,2025.08.26 18:12:06,3380.8,-2.1,0,21.7,
2025.08.26 18:09:38,485618,XAUUSD,buy,0.35,3380.02,,,2025.08.26 18:12:06,3380.8,-2.1,0,27.3,
2025.08.26 18:09:42,485619,XAUUSD,buy,0.35,3379.98,,,2025.08.26 18:12:07,3380.73,-2.1,0,26.25,
2025.08.26 18:09:55,485623,XAUUSD,buy,0.35,3379.83,,,2025.08.26 18:12:07,3380.73,-2.1,0,31.5,
2025.08.26 18:09:56,485625,XAUUSD,buy,0.35,3379.76,,,2025.08.26 18:12:07,3380.73,-2.1,0,33.95,
2025.08.26 18:09:59,485631,XAUUSD,buy,0.35,3379.66,,,2025.08.26 18:12:07,3380.72,-2.1,0,37.1,
2025.08.26 18:10:01,485632,XAUUSD,buy,0.35,3379.66,,,2025.08.26 18:12:07,3380.72,-2.1,0,37.1,
2025.08.26 18:10:03,485633,XAUUSD,buy,0.35,3379.84,,,2025.08.26 18:12:07,3380.72,-2.1,0,30.8,
2025.08.26 18:10:09,485635,XAUUSD,buy,0.35,3379.55,,,2025.08.26 18:12:07,3380.72,-2.1,0,40.95,
2025.08.26 18:10:10,485636,XAUUSD,buy,0.35,3379.5,,,2025.08.26 18:12:07,3380.72,-2.1,0,42.7,
2025.08.26 18:11:09,485646,XAUUSD,buy,0.35,3380.23,,,2025.08.26 18:12:07,3380.72,-2.1,0,17.15,
2025.08.26 18:11:09,485647,XAUUSD,buy,0.35,3380.23,,,2025.08.26 18:12:07,3380.72,-2.1,0,17.15,
2025.08.26 18:11:09,485648,XAUUSD,buy,0.35,3380.23,,,2025.08.26 18:12:07,3380.72,-2.1,0,17.15,
2025.08.26 18:11:09,485649,XAUUSD,buy,0.35,3380.23,,,2025.08.26 18:12:07,3380.72,-2.1,0,17.15,
2025.08.26 18:11:10,485650,XAUUSD,buy,0.35,3380.23,,,2025.08.26 18:12:07,3380.72,-2.1,0,17.15,
2025.08.26 18:11:10,485651,XAUUSD,buy,0.35,3380.23,,,2025.08.26 18:12:07,3380.72,-2.1,0,17.15,
2025.08.26 18:11:10,485652,XAUUSD,buy,0.35,3380.23,,,2025.08.26 18:12:07,3380.72,-2.1,0,17.15,
,,,,,,,,,,,,,
2025.08.26 18:12:17,485715,XAUUSD,buy,0.35,3380.77,,,2025.08.26 18:23:23,3381.32,-2.1,0,19.25,
2025.08.26 18:12:17,485716,XAUUSD,buy,0.35,3380.77,,,2025.08.26 18:23:23,3381.32,-2.1,0,19.25,
2025.08.26 18:12:17,485717,XAUUSD,buy,0.35,3380.77,,,2025.08.26 18:23:23,3381.32,-2.1,0,19.25,
2025.08.26 18:12:18,485718,XAUUSD,buy,0.35,3380.77,,,2025.08.26 18:23:23,3381.32,-2.1,0,19.25,
2025.08.26 18:12:18,485719,XAUUSD,buy,0.35,3380.77,,,2025.08.26 18:23:23,3381.32,-2.1,0,19.25,
2025.08.26 18:12:18,485720,XAUUSD,buy,0.35,3380.78,,,2025.08.26 18:23:23,3381.32,-2.1,0,18.9,
2025.08.26 18:12:18,485721,XAUUSD,buy,0.35,3380.78,,,2025.08.26 18:23:23,3381.32,-2.1,0,18.9,
2025.08.26 18:12:19,485722,XAUUSD,buy,0.35,3380.76,,,2025.08.26 18:23:23,3381.32,-2.1,0,19.6,
2025.08.26 18:12:19,485723,XAUUSD,buy,0.35,3380.76,,,2025.08.26 18:23:23,3381.32,-2.1,0,19.6,
2025.08.26 18:12:19,485724,XAUUSD,buy,0.35,3380.76,,,2025.08.26 18:23:23,3381.32,-2.1,0,19.6,
2025.08.26 18:12:20,485725,XAUUSD,buy,0.35,3380.79,,,2025.08.26 18:23:23,3381.32,-2.1,0,18.55,
2025.08.26 18:12:20,485726,XAUUSD,buy,0.35,3380.79,,,2025.08.26 18:23:23,3381.32,-2.1,0,18.55,
2025.08.26 18:12:22,485727,XAUUSD,buy,0.35,3380.77,,,2025.08.26 18:23:23,3381.32,-2.1,0,19.25,
2025.08.26 18:13:02,485743,XAUUSD,buy,0.35,3381.48,,,2025.08.26 18:23:23,3381.32,-2.1,0,-5.6,
2025.08.26 18:13:03,485744,XAUUSD,buy,0.35,3381.48,,,2025.08.26 18:23:23,3381.32,-2.1,0,-5.6,
2025.08.26 18:13:03,485745,XAUUSD,buy,0.35,3381.48,,,2025.08.26 18:23:23,3381.32,-2.1,0,-5.6,
2025.08.26 18:13:03,485746,XAUUSD,buy,0.35,3381.5,,,2025.08.26 18:23:23,3381.32,-2.1,0,-6.3,
2025.08.26 18:13:03,485747,XAUUSD,buy,0.35,3381.57,,,2025.08.26 18:23:23,3381.32,-2.1,0,-8.75,
2025.08.26 18:13:03,485748,XAUUSD,buy,0.35,3381.57,,,2025.08.26 18:23:23,3381.32,-2.1,0,-8.75,
2025.08.26 18:13:03,485749,XAUUSD,buy,0.35,3381.57,,,2025.08.26 18:23:23,3381.32,-2.1,0,-8.75,
2025.08.26 18:13:04,485751,XAUUSD,buy,0.35,3381.57,,,2025.08.26 18:23:23,3381.32,-2.1,0,-8.75,
2025.08.26 18:13:04,485752,XAUUSD,buy,0.35,3381.57,,,2025.08.26 18:23:23,3381.32,-2.1,0,-8.75,
2025.08.26 18:13:04,485753,XAUUSD,buy,0.35,3381.57,,,2025.08.26 18:23:23,3381.32,-2.1,0,-8.75,
2025.08.26 18:14:04,485768,XAUUSD,buy,0.35,3381.74,,,2025.08.26 18:23:23,3381.32,-2.1,0,-14.7,
2025.08.26 18:14:04,485769,XAUUSD,buy,0.35,3381.74,,,2025.08.26 18:23:23,3381.32,-2.1,0,-14.7,
2025.08.26 18:14:04,485770,XAUUSD,buy,0.35,3381.74,,,2025.08.26 18:23:23,3381.32,-2.1,0,-14.7,
2025.08.26 18:14:04,485771,XAUUSD,buy,0.35,3381.76,,,2025.08.26 18:23:23,3381.32,-2.1,0,-15.4,
2025.08.26 18:14:04,485772,XAUUSD,buy,0.35,3381.76,,,2025.08.26 18:23:23,3381.32,-2.1,0,-15.4,
2025.08.26 18:14:04,485773,XAUUSD,buy,0.35,3381.76,,,2025.08.26 18:23:23,3381.32,-2.1,0,-15.4,
2025.08.26 18:14:05,485774,XAUUSD,buy,0.35,3381.76,,,2025.08.26 18:23:23,3381.32,-2.1,0,-15.4,
2025.08.26 18:14:05,485775,XAUUSD,buy,0.35,3381.76,,,2025.08.26 18:23:23,3381.32,-2.1,0,-15.4,
2025.08.26 18:14:05,485776,XAUUSD,buy,0.35,3381.76,,,2025.08.26 18:23:23,3381.32,-2.1,0,-15.4,
2025.08.26 18:14:05,485777,XAUUSD,buy,0.35,3381.76,,,2025.08.26 18:23:23,3381.32,-2.1,0,-15.4,
2025.08.26 18:14:05,485778,XAUUSD,buy,0.35,3381.76,,,2025.08.26 18:23:23,3381.32,-2.1,0,-15.4,
2025.08.26 18:14:05,485779,XAUUSD,buy,0.35,3381.76,,,2025.08.26 18:23:23,3381.32,-2.1,0,-15.4,
2025.08.26 18:14:05,485780,XAUUSD,buy,0.35,3381.76,,,2025.08.26 18:23:23,3381.32,-2.1,0,-15.4,
2025.08.26 18:14:06,485781,XAUUSD,buy,0.35,3381.75,,,2025.08.26 18:23:23,3381.32,-2.1,0,-15.05,
2025.08.26 18:14:06,485782,XAUUSD,buy,0.35,3381.75,,,2025.08.26 18:23:23,3381.32,-2.1,0,-15.05,
2025.08.26 18:15:02,485784,XAUUSD,buy,0.35,3381.39,,,2025.08.26 18:23:23,3381.32,-2.1,0,-2.45,
2025.08.26 18:15:02,485785,XAUUSD,buy,0.35,3381.37,,,2025.08.26 18:23:23,3381.32,-2.1,0,-1.75,
2025.08.26 18:15:02,485786,XAUUSD,buy,0.35,3381.37,,,2025.08.26 18:23:23,3381.32,-2.1,0,-1.75,
2025.08.26 18:15:02,485787,XAUUSD,buy,0.35,3381.37,,,2025.08.26 18:23:23,3381.32,-2.1,0,-1.75,
2025.08.26 18:15:02,485788,XAUUSD,buy,0.35,3381.37,,,2025.08.26 18:23:23,3381.32,-2.1,0,-1.75,
2025.08.26 18:15:02,485789,XAUUSD,buy,0.35,3381.37,,,2025.08.26 18:23:23,3381.32,-2.1,0,-1.75,
2025.08.26 18:15:03,485790,XAUUSD,buy,0.35,3381.37,,,2025.08.26 18:23:23,3381.32,-2.1,0,-1.75,
2025.08.26 18:15:03,485791,XAUUSD,buy,0.35,3381.37,,,2025.08.26 18:23:23,3381.32,-2.1,0,-1.75,
2025.08.26 18:15:03,485792,XAUUSD,buy,0.35,3381.37,,,2025.08.26 18:23:23,3381.32,-2.1,0,-1.75,
2025.08.26 18:15:03,485793,XAUUSD,buy,0.35,3381.37,,,2025.08.26 18:23:23,3381.32,-2.1,0,-1.75,
2025.08.26 18:15:03,485794,XAUUSD,buy,0.35,3381.37,,,2025.08.26 18:23:23,3381.32,-2.1,0,-1.75,
2025.08.26 18:15:24,485795,XAUUSD,buy,0.35,3380.99,,,2025.08.26 18:23:23,3381.32,-2.1,0,11.55,
2025.08.26 18:15:24,485796,XAUUSD,buy,0.35,3380.99,,,2025.08.26 18:23:23,3381.32,-2.1,0,11.55,
2025.08.26 18:15:26,485797,XAUUSD,buy,0.35,3380.6,,,2025.08.26 18:23:23,3381.32,-2.1,0,25.2,
2025.08.26 18:15:26,485798,XAUUSD,buy,0.35,3380.58,,,2025.08.26 18:23:23,3381.32,-2.1,0,25.9,
2025.08.26 18:15:27,485799,XAUUSD,buy,0.35,3380.56,,,2025.08.26 18:23:23,3381.32,-2.1,0,26.6,
2025.08.26 18:15:27,485800,XAUUSD,buy,0.35,3380.56,,,2025.08.26 18:23:23,3381.32,-2.1,0,26.6,
2025.08.26 18:15:27,485801,XAUUSD,buy,0.35,3380.56,,,2025.08.26 18:23:23,3381.32,-2.1,0,26.6,
2025.08.26 18:15:27,485802,XAUUSD,buy,0.35,3380.56,,,2025.08.26 18:23:23,3381.32,-2.1,0,26.6,
2025.08.26 18:15:27,485803,XAUUSD,buy,0.35,3380.56,,,2025.08.26 18:23:23,3381.32,-2.1,0,26.6,
2025.08.26 18:15:27,485804,XAUUSD,buy,0.35,3380.56,,,2025.08.26 18:23:23,3381.32,-2.1,0,26.6,
2025.08.26 18:15:27,485805,XAUUSD,buy,0.35,3380.56,,,2025.08.26 18:23:23,3381.32,-2.1,0,26.6,
2025.08.26 18:15:32,485806,XAUUSD,buy,0.35,3380.58,,,2025.08.26 18:23:23,3381.32,-2.1,0,25.9,
2025.08.26 18:15:32,485807,XAUUSD,buy,0.35,3380.58,,,2025.08.26 18:23:23,3381.32,-2.1,0,25.9,
2025.08.26 18:15:33,485808,XAUUSD,buy,0.35,3380.58,,,2025.08.26 18:23:23,3381.32,-2.1,0,25.9,
2025.08.26 18:15:33,485809,XAUUSD,buy,0.35,3380.58,,,2025.08.26 18:23:23,3381.32,-2.1,0,25.9,
2025.08.26 18:15:33,485810,XAUUSD,buy,0.35,3380.58,,,2025.08.26 18:23:23,3381.32,-2.1,0,25.9,
2025.08.26 18:15:33,485811,XAUUSD,buy,0.35,3380.58,,,2025.08.26 18:23:23,3381.32,-2.1,0,25.9,
2025.08.26 18:15:33,485812,XAUUSD,buy,0.35,3380.58,,,2025.08.26 18:23:23,3381.32,-2.1,0,25.9,
2025.08.26 18:15:40,485814,XAUUSD,buy,0.35,3380.33,,,2025.08.26 18:20:50,3380.42,-2.1,0,3.15,
2025.08.26 18:15:41,485815,XAUUSD,buy,0.35,3380.3,,,2025.08.26 18:20:50,3380.42,-2.1,0,4.2,
2025.08.26 18:15:41,485816,XAUUSD,buy,0.35,3380.31,,,2025.08.26 18:20:50,3380.42,-2.1,0,3.85,
2025.08.26 18:15:42,485818,XAUUSD,buy,0.35,3380.22,,,2025.08.26 18:20:50,3380.42,-2.1,0,7,
2025.08.26 18:15:55,485821,XAUUSD,buy,0.35,3380.16,,,2025.08.26 18:20:27,3380.22,-2.1,0,2.1,
2025.08.26 18:15:55,485822,XAUUSD,buy,0.35,3380.14,,,2025.08.26 18:20:27,3380.22,-2.1,0,2.8,
2025.08.26 18:15:56,485823,XAUUSD,buy,0.35,3380.14,,,2025.08.26 18:20:27,3380.22,-2.1,0,2.8,
2025.08.26 18:16:02,485825,XAUUSD,buy,0.35,3380.16,,,2025.08.26 18:20:27,3380.22,-2.1,0,2.1,
2025.08.26 18:16:02,485826,XAUUSD,buy,0.35,3380.16,,,2025.08.26 18:20:27,3380.22,-2.1,0,2.1,
2025.08.26 18:16:02,485827,XAUUSD,buy,0.35,3380.16,,,2025.08.26 18:20:27,3380.22,-2.1,0,2.1,
2025.08.26 18:16:02,485828,XAUUSD,buy,0.35,3380.23,,,2025.08.26 18:20:50,3380.42,-2.1,0,6.65,
2025.08.26 18:16:03,485829,XAUUSD,buy,0.35,3380.23,,,2025.08.26 18:20:50,3380.42,-2.1,0,6.65,
2025.08.26 18:16:03,485830,XAUUSD,buy,0.35,3380.18,,,2025.08.26 18:20:27,3380.22,-2.1,0,1.4,
2025.08.26 18:16:36,485834,XAUUSD,buy,0.35,3380.03,,,2025.08.26 18:20:27,3380.22,-2.1,0,6.65,
2025.08.26 18:16:37,485835,XAUUSD,buy,0.35,3380.03,,,2025.08.26 18:20:27,3380.22,-2.1,0,6.65,
,,,,,,,,,,,,,
2025.08.26 18:21:05,485881,XAUUSD,buy,0.35,3380.48,,,2025.08.26 18:23:23,3381.32,-2.1,0,29.4,
2025.08.26 18:21:05,485882,XAUUSD,buy,0.35,3380.48,,,2025.08.26 18:23:23,3381.32,-2.1,0,29.4,
2025.08.26 18:21:05,485883,XAUUSD,buy,0.35,3380.48,,,2025.08.26 18:23:23,3381.32,-2.1,0,29.4,
2025.08.26 18:21:05,485884,XAUUSD,buy,0.35,3380.48,,,2025.08.26 18:23:23,3381.32,-2.1,0,29.4,
2025.08.26 18:21:05,485885,XAUUSD,buy,0.35,3380.48,,,2025.08.26 18:23:23,3381.32,-2.1,0,29.4,
2025.08.26 18:21:06,485886,XAUUSD,buy,0.35,3380.48,,,2025.08.26 18:23:23,3381.32,-2.1,0,29.4,
2025.08.26 18:21:06,485887,XAUUSD,buy,0.35,3380.48,,,2025.08.26 18:23:23,3381.32,-2.1,0,29.4,
2025.08.26 18:21:06,485888,XAUUSD,buy,0.35,3380.48,,,2025.08.26 18:23:23,3381.32,-2.1,0,29.4,
2025.08.26 18:21:06,485889,XAUUSD,buy,0.35,3380.55,,,2025.08.26 18:23:23,3381.32,-2.1,0,26.95,
2025.08.26 18:21:06,485890,XAUUSD,buy,0.35,3380.55,,,2025.08.26 18:23:23,3381.32,-2.1,0,26.95,
2025.08.26 18:21:07,485891,XAUUSD,buy,0.35,3380.52,,,2025.08.26 18:23:23,3381.32,-2.1,0,28,
2025.08.26 18:21:07,485892,XAUUSD,buy,0.35,3380.52,,,2025.08.26 18:23:24,3381.32,-2.1,0,28,
2025.08.26 18:21:07,485893,XAUUSD,buy,0.35,3380.52,,,2025.08.26 18:23:24,3381.32,-2.1,0,28,
2025.08.26 18:21:07,485894,XAUUSD,buy,0.35,3380.52,,,2025.08.26 18:23:24,3381.32,-2.1,0,28,
2025.08.26 18:21:08,485895,XAUUSD,buy,0.35,3380.52,,,2025.08.26 18:23:24,3381.32,-2.1,0,28,
2025.08.26 18:21:08,485896,XAUUSD,buy,0.35,3380.56,,,2025.08.26 18:23:24,3381.32,-2.1,0,26.6,
,,,,,,,,,,,,,
2025.08.27 17:42:25,494575,XAUUSD,buy,0.2,3383.55,,,2025.08.27 17:49:19,3383.59,-1.2,0,0.8,
2025.08.27 17:42:25,494576,XAUUSD,buy,0.2,3383.55,,,2025.08.27 17:49:19,3383.59,-1.2,0,0.8,
2025.08.27 17:42:25,494577,XAUUSD,buy,0.2,3383.61,,,2025.08.27 17:50:54,3383.96,-1.2,0,7,
2025.08.27 17:42:25,494578,XAUUSD,buy,0.2,3383.66,,,2025.08.27 17:50:54,3383.96,-1.2,0,6,
2025.08.27 17:42:25,494579,XAUUSD,buy,0.2,3383.66,,,2025.08.27 17:50:54,3383.96,-1.2,0,6,
2025.08.27 17:42:25,494580,XAUUSD,buy,0.2,3383.66,,,2025.08.27 17:50:54,3383.96,-1.2,0,6,
2025.08.27 17:42:26,494581,XAUUSD,buy,0.2,3383.66,,,2025.08.27 17:50:54,3383.96,-1.2,0,6,
2025.08.27 17:42:26,494582,XAUUSD,buy,0.2,3383.66,,,2025.08.27 17:50:54,3383.96,-1.2,0,6,
2025.08.27 17:42:26,494583,XAUUSD,buy,0.2,3383.66,,,2025.08.27 17:50:54,3383.96,-1.2,0,6,
2025.08.27 17:42:26,494584,XAUUSD,buy,0.2,3383.66,,,2025.08.27 17:50:54,3383.96,-1.2,0,6,
2025.08.27 17:42:26,494585,XAUUSD,buy,0.2,3383.66,,,2025.08.27 17:50:54,3383.96,-1.2,0,6,
2025.08.27 17:42:26,494586,XAUUSD,buy,0.2,3383.66,,,2025.08.27 17:50:54,3383.96,-1.2,0,6,
2025.08.27 17:42:26,494587,XAUUSD,buy,0.2,3383.66,,,2025.08.27 17:50:54,3383.96,-1.2,0,6,
2025.08.27 17:42:27,494588,XAUUSD,buy,0.2,3383.66,,,2025.08.27 17:50:54,3383.96,-1.2,0,6,
2025.08.27 17:42:33,494591,XAUUSD,buy,0.2,3383.66,,,2025.08.27 17:50:54,3383.96,-1.2,0,6,
2025.08.27 17:42:33,494592,XAUUSD,buy,0.2,3383.66,,,2025.08.27 17:50:54,3383.96,-1.2,0,6,
2025.08.27 17:42:34,494593,XAUUSD,buy,0.2,3383.66,,,2025.08.27 17:50:54,3383.96,-1.2,0,6,
2025.08.27 17:42:34,494594,XAUUSD,buy,0.2,3383.66,,,2025.08.27 17:50:54,3383.96,-1.2,0,6,
2025.08.27 17:42:34,494595,XAUUSD,buy,0.2,3383.66,,,2025.08.27 17:50:54,3383.96,-1.2,0,6,
2025.08.27 17:42:34,494596,XAUUSD,buy,0.2,3383.66,,,2025.08.27 17:50:54,3383.96,-1.2,0,6,
2025.08.27 17:42:34,494597,XAUUSD,buy,0.2,3383.66,,,2025.08.27 17:50:54,3383.96,-1.2,0,6,
2025.08.27 17:42:34,494599,XAUUSD,buy,0.2,3383.66,,,2025.08.27 17:50:54,3383.96,-1.2,0,6,
2025.08.27 17:42:59,494600,XAUUSD,buy,0.3,3383.62,,,2025.08.27 17:50:55,3383.96,-1.8,0,10.2,
2025.08.27 17:42:59,494601,XAUUSD,buy,0.3,3383.62,,,2025.08.27 17:50:55,3383.96,-1.8,0,10.2,
2025.08.27 17:42:59,494602,XAUUSD,buy,0.3,3383.62,,,2025.08.27 17:50:55,3383.96,-1.8,0,10.2,
2025.08.27 17:42:59,494603,XAUUSD,buy,0.3,3383.62,,,2025.08.27 17:50:55,3383.96,-1.8,0,10.2,
2025.08.27 17:42:59,494604,XAUUSD,buy,0.3,3383.62,,,2025.08.27 17:50:55,3383.96,-1.8,0,10.2,
2025.08.27 17:42:59,494605,XAUUSD,buy,0.3,3383.62,,,2025.08.27 17:50:55,3383.96,-1.8,0,10.2,
2025.08.27 17:43:00,494606,XAUUSD,buy,0.3,3383.62,,,2025.08.27 17:50:55,3383.96,-1.8,0,10.2,
2025.08.27 17:43:00,494607,XAUUSD,buy,0.3,3383.62,,,2025.08.27 17:50:55,3383.96,-1.8,0,10.2,
2025.08.27 17:43:00,494608,XAUUSD,buy,0.3,3383.67,,,2025.08.27 17:50:55,3383.96,-1.8,0,8.7,
2025.08.27 17:43:00,494609,XAUUSD,buy,0.3,3383.67,,,2025.08.27 17:50:55,3383.96,-1.8,0,8.7,
2025.08.27 17:43:00,494610,XAUUSD,buy,0.3,3383.67,,,2025.08.27 17:50:55,3383.96,-1.8,0,8.7,
2025.08.27 17:43:00,494611,XAUUSD,buy,0.3,3383.67,,,2025.08.27 17:50:55,3383.96,-1.8,0,8.7,
2025.08.27 17:43:01,494612,XAUUSD,buy,0.3,3383.67,,,2025.08.27 17:50:55,3383.96,-1.8,0,8.7,
2025.08.27 17:43:01,494613,XAUUSD,buy,0.3,3383.67,,,2025.08.27 17:50:55,3383.96,-1.8,0,8.7,
2025.08.27 17:43:01,494614,XAUUSD,buy,0.3,3383.67,,,2025.08.27 17:50:55,3383.96,-1.8,0,8.7,
2025.08.27 17:43:01,494615,XAUUSD,buy,0.3,3383.67,,,2025.08.27 17:50:55,3383.96,-1.8,0,8.7,
2025.08.27 17:43:01,494616,XAUUSD,buy,0.3,3383.67,,,2025.08.27 17:50:55,3383.96,-1.8,0,8.7,
2025.08.27 17:43:01,494617,XAUUSD,buy,0.3,3383.64,,,2025.08.27 17:50:55,3383.96,-1.8,0,9.6,
2025.08.27 17:43:03,494618,XAUUSD,buy,0.3,3383.61,,,2025.08.27 17:50:55,3383.96,-1.8,0,10.5,
2025.08.27 17:43:03,494619,XAUUSD,buy,0.3,3383.61,,,2025.08.27 17:50:55,3383.96,-1.8,0,10.5,
2025.08.27 17:43:03,494620,XAUUSD,buy,0.3,3383.58,,,2025.08.27 17:49:19,3383.59,-1.8,0,0.3,
2025.08.27 17:43:03,494621,XAUUSD,buy,0.3,3383.67,,,2025.08.27 17:50:55,3383.91,-1.8,0,7.2,
2025.08.27 17:43:04,494622,XAUUSD,buy,0.3,3383.67,,,2025.08.27 17:50:55,3383.91,-1.8,0,7.2,
2025.08.27 17:43:07,494623,XAUUSD,buy,0.3,3383.68,,,2025.08.27 17:50:55,3383.91,-1.8,0,6.9,
2025.08.27 17:43:07,494624,XAUUSD,buy,0.3,3383.68,,,2025.08.27 17:50:55,3383.91,-1.8,0,6.9,
2025.08.27 17:43:07,494625,XAUUSD,buy,0.3,3383.68,,,2025.08.27 17:50:55,3383.91,-1.8,0,6.9,
2025.08.27 17:44:11,494640,XAUUSD,buy,0.3,3383.55,,,2025.08.27 17:49:19,3383.59,-1.8,0,1.2,
2025.08.27 17:44:11,494641,XAUUSD,buy,0.3,3383.53,,,2025.08.27 17:49:19,3383.59,-1.8,0,1.8,
2025.08.27 17:44:11,494642,XAUUSD,buy,0.3,3383.53,,,2025.08.27 17:49:19,3383.59,-1.8,0,1.8,
2025.08.27 17:44:11,494643,XAUUSD,buy,0.3,3383.53,,,2025.08.27 17:49:19,3383.59,-1.8,0,1.8,
2025.08.27 17:44:14,494644,XAUUSD,buy,0.3,3383.37,,,2025.08.27 17:49:19,3383.59,-1.8,0,6.6,
2025.08.27 17:44:14,494645,XAUUSD,buy,0.3,3383.18,,,2025.08.27 17:49:19,3383.59,-1.8,0,12.3,
2025.08.27 17:44:14,494646,XAUUSD,buy,0.3,3383.13,,,2025.08.27 17:49:19,3383.59,-1.8,0,13.8,
2025.08.27 17:44:15,494647,XAUUSD,buy,0.3,3383.14,,,2025.08.27 17:49:19,3383.59,-1.8,0,13.5,
2025.08.27 17:44:15,494648,XAUUSD,buy,0.3,3383.17,,,2025.08.27 17:49:19,3383.59,-1.8,0,12.6,
2025.08.27 17:44:16,494649,XAUUSD,buy,0.3,3383.17,,,2025.08.27 17:49:19,3383.59,-1.8,0,12.6,
2025.08.27 17:44:18,494650,XAUUSD,buy,0.3,3383.25,,,2025.08.27 17:49:19,3383.59,-1.8,0,10.2,
2025.08.27 17:45:55,494655,XAUUSD,buy,0.3,3383.54,,,2025.08.27 17:49:19,3383.59,-1.8,0,1.5,
2025.08.27 17:45:55,494656,XAUUSD,buy,0.3,3383.54,,,2025.08.27 17:49:19,3383.59,-1.8,0,1.5,
2025.08.27 17:47:24,494666,XAUUSD,buy,0.3,3383.8,,,2025.08.27 17:50:55,3383.91,-1.8,0,3.3,
2025.08.27 17:47:24,494667,XAUUSD,buy,0.3,3383.8,,,2025.08.27 17:50:55,3383.91,-1.8,0,3.3,
2025.08.27 17:47:24,494668,XAUUSD,buy,0.3,3383.8,,,2025.08.27 17:50:55,3383.91,-1.8,0,3.3,
2025.08.27 17:47:24,494669,XAUUSD,buy,0.3,3383.8,,,2025.08.27 17:50:55,3383.91,-1.8,0,3.3,
2025.08.27 17:47:26,494670,XAUUSD,buy,0.3,3383.66,,,2025.08.27 17:50:55,3383.91,-1.8,0,7.5,
2025.08.27 17:47:27,494671,XAUUSD,buy,0.3,3383.68,,,2025.08.27 17:50:55,3383.91,-1.8,0,6.9,
2025.08.27 17:47:27,494672,XAUUSD,buy,0.3,3383.68,,,2025.08.27 17:50:55,3383.91,-1.8,0,6.9,
2025.08.27 17:47:28,494673,XAUUSD,buy,0.3,3383.68,,,2025.08.27 17:50:55,3383.91,-1.8,0,6.9,
2025.08.27 17:47:28,494674,XAUUSD,buy,0.3,3383.68,,,2025.08.27 17:50:55,3383.91,-1.8,0,6.9,
2025.08.27 17:47:28,494675,XAUUSD,buy,0.3,3383.68,,,2025.08.27 17:50:55,3383.91,-1.8,0,6.9,
2025.08.27 17:47:28,494676,XAUUSD,buy,0.3,3383.68,,,2025.08.27 17:50:55,3383.91,-1.8,0,6.9,
2025.08.27 17:47:28,494677,XAUUSD,buy,0.3,3383.68,,,2025.08.27 17:50:55,3383.91,-1.8,0,6.9,
2025.08.27 17:47:31,494678,XAUUSD,buy,0.3,3383.62,,,2025.08.27 17:50:55,3383.91,-1.8,0,8.7,
2025.08.27 17:47:31,494679,XAUUSD,buy,0.3,3383.62,,,2025.08.27 17:50:55,3383.91,-1.8,0,8.7,
2025.08.27 17:48:10,494686,XAUUSD,buy,0.3,3383.68,,,2025.08.27 17:50:55,3383.91,-1.8,0,6.9,
2025.08.27 17:48:10,494687,XAUUSD,buy,0.3,3383.68,,,2025.08.27 17:50:55,3383.88,-1.8,0,6,
2025.08.27 17:48:11,494688,XAUUSD,buy,0.3,3383.68,,,2025.08.27 17:50:55,3383.88,-1.8,0,6,
2025.08.27 17:48:11,494689,XAUUSD,buy,0.3,3383.68,,,2025.08.27 17:50:55,3383.88,-1.8,0,6,
2025.08.27 17:48:11,494690,XAUUSD,buy,0.3,3383.74,,,2025.08.27 17:50:55,3383.88,-1.8,0,4.2,
2025.08.27 17:48:11,494691,XAUUSD,buy,0.3,3383.72,,,2025.08.27 17:50:55,3383.88,-1.8,0,4.8,
2025.08.27 17:48:11,494692,XAUUSD,buy,0.3,3383.74,,,2025.08.27 17:50:55,3383.88,-1.8,0,4.2,
2025.08.27 17:48:12,494693,XAUUSD,buy,0.3,3383.72,,,2025.08.27 17:50:55,3383.88,-1.8,0,4.8,
2025.08.27 17:48:12,494694,XAUUSD,buy,0.3,3383.75,,,2025.08.27 17:50:55,3383.88,-1.8,0,3.9,
2025.08.27 17:48:12,494695,XAUUSD,buy,0.3,3383.76,,,2025.08.27 17:50:55,3383.88,-1.8,0,3.6,
2025.08.27 17:48:13,494696,XAUUSD,buy,0.3,3383.76,,,2025.08.27 17:50:55,3383.88,-1.8,0,3.6,
2025.08.27 17:48:13,494697,XAUUSD,buy,0.3,3383.76,,,2025.08.27 17:50:55,3383.88,-1.8,0,3.6,
2025.08.27 17:48:22,494700,XAUUSD,buy,0.3,3383.57,,,2025.08.27 17:49:19,3383.59,-1.8,0,0.6,
2025.08.27 17:48:22,494701,XAUUSD,buy,0.3,3383.57,,,2025.08.27 17:49:19,3383.59,-1.8,0,0.6,
2025.08.27 17:48:22,494702,XAUUSD,buy,0.3,3383.57,,,2025.08.27 17:49:19,3383.59,-1.8,0,0.6,
2025.08.27 17:48:22,494703,XAUUSD,buy,0.3,3383.57,,,2025.08.27 17:49:19,3383.59,-1.8,0,0.6,
2025.08.27 17:48:22,494704,XAUUSD,buy,0.3,3383.57,,,2025.08.27 17:49:19,3383.59,-1.8,0,0.6,
2025.08.27 17:48:23,494705,XAUUSD,buy,0.3,3383.57,,,2025.08.27 17:49:20,3383.69,-1.8,0,3.6,
2025.08.27 17:48:23,494706,XAUUSD,buy,0.3,3383.57,,,2025.08.27 17:49:20,3383.72,-1.8,0,4.5,
2025.08.27 17:48:23,494707,XAUUSD,buy,0.3,3383.57,,,2025.08.27 17:49:20,3383.72,-1.8,0,4.5,
2025.08.27 17:48:23,494708,XAUUSD,buy,0.3,3383.57,,,2025.08.27 17:49:20,3383.72,-1.8,0,4.5,
2025.08.27 17:48:23,494709,XAUUSD,buy,0.3,3383.57,,,2025.08.27 17:49:21,3383.72,-1.8,0,4.5,
2025.08.27 17:48:23,494710,XAUUSD,buy,0.3,3383.57,,,2025.08.27 17:49:21,3383.72,-1.8,0,4.5,
2025.08.27 17:48:24,494711,XAUUSD,buy,0.3,3383.53,,,2025.08.27 17:49:21,3383.72,-1.8,0,5.7,
2025.08.27 17:48:24,494712,XAUUSD,buy,0.3,3383.53,,,2025.08.27 17:49:21,3383.72,-1.8,0,5.7,
2025.08.27 17:48:24,494713,XAUUSD,buy,0.3,3383.53,,,2025.08.27 17:49:21,3383.72,-1.8,0,5.7,
2025.08.27 17:48:24,494714,XAUUSD,buy,0.3,3383.53,,,2025.08.27 17:49:22,3383.72,-1.8,0,5.7,
2025.08.27 17:48:26,494715,XAUUSD,buy,0.3,3383.68,,,2025.08.27 17:50:55,3383.88,-1.8,0,6,
2025.08.27 17:48:27,494716,XAUUSD,buy,0.3,3383.68,,,2025.08.27 17:50:55,3383.88,-1.8,0,6,
2025.08.27 17:48:27,494717,XAUUSD,buy,0.3,3383.68,,,2025.08.27 17:50:55,3383.88,-1.8,0,6,
2025.08.27 17:48:27,494718,XAUUSD,buy,0.3,3383.68,,,2025.08.27 17:50:55,3383.88,-1.8,0,6,
2025.08.27 17:49:37,494756,XAUUSD,buy,0.3,3383.32,,,2025.08.27 17:50:33,3383.48,-1.8,0,4.8,
2025.08.27 17:49:37,494757,XAUUSD,buy,0.3,3383.39,,,2025.08.27 17:50:33,3383.48,-1.8,0,2.7,
2025.08.27 17:49:37,494758,XAUUSD,buy,0.3,3383.39,,,2025.08.27 17:50:33,3383.48,-1.8,0,2.7,
2025.08.27 17:49:37,494759,XAUUSD,buy,0.3,3383.39,,,2025.08.27 17:50:33,3383.48,-1.8,0,2.7,
2025.08.27 17:49:38,494760,XAUUSD,buy,0.3,3383.24,,,2025.08.27 17:50:33,3383.48,-1.8,0,7.2,
2025.08.27 17:49:38,494761,XAUUSD,buy,0.3,3383.24,,,2025.08.27 17:50:33,3383.48,-1.8,0,7.2,
2025.08.27 17:49:38,494762,XAUUSD,buy,0.3,3383.24,,,2025.08.27 17:50:33,3383.48,-1.8,0,7.2,
2025.08.27 17:49:38,494763,XAUUSD,buy,0.3,3383.24,,,2025.08.27 17:50:33,3383.48,-1.8,0,7.2,
2025.08.27 17:49:38,494764,XAUUSD,buy,0.3,3383.24,,,2025.08.27 17:50:33,3383.48,-1.8,0,7.2,
2025.08.27 17:49:38,494765,XAUUSD,buy,0.3,3383.24,,,2025.08.27 17:50:33,3383.48,-1.8,0,7.2,
2025.08.27 17:49:38,494766,XAUUSD,buy,0.3,3383.24,,,2025.08.27 17:50:33,3383.48,-1.8,0,7.2,
2025.08.27 17:49:38,494767,XAUUSD,buy,0.3,3383.24,,,2025.08.27 17:50:33,3383.48,-1.8,0,7.2,
2025.08.27 17:49:39,494768,XAUUSD,buy,0.3,3383.25,,,2025.08.27 17:50:33,3383.48,-1.8,0,6.9,
2025.08.27 17:49:39,494769,XAUUSD,buy,0.3,3383.27,,,2025.08.27 17:50:33,3383.48,-1.8,0,6.3,
2025.08.27 17:49:39,494770,XAUUSD,buy,0.3,3383.3,,,2025.08.27 17:50:33,3383.48,-1.8,0,5.4,
2025.08.27 17:49:39,494771,XAUUSD,buy,0.3,3383.26,,,2025.08.27 17:50:33,3383.48,-1.8,0,6.6,
2025.08.27 17:49:39,494773,XAUUSD,buy,0.3,3383.26,,,2025.08.27 17:50:33,3383.48,-1.8,0,6.6,
2025.08.27 17:49:39,494774,XAUUSD,buy,0.3,3383.31,,,2025.08.27 17:50:33,3383.48,-1.8,0,5.1,
2025.08.27 17:49:40,494775,XAUUSD,buy,0.3,3383.31,,,2025.08.27 17:50:33,3383.48,-1.8,0,5.1,
2025.08.27 17:49:40,494776,XAUUSD,buy,0.3,3383.31,,,2025.08.27 17:50:33,3383.48,-1.8,0,5.1,
2025.08.27 17:49:40,494777,XAUUSD,buy,0.3,3383.31,,,2025.08.27 17:50:34,3383.48,-1.8,0,5.1,
2025.08.27 17:49:41,494778,XAUUSD,buy,0.3,3383.35,,,2025.08.27 17:50:34,3383.48,-1.8,0,3.9,
2025.08.27 17:49:41,494779,XAUUSD,buy,0.3,3383.35,,,2025.08.27 17:50:34,3383.48,-1.8,0,3.9,
2025.08.27 17:49:41,494780,XAUUSD,buy,0.3,3383.35,,,2025.08.27 17:50:34,3383.48,-1.8,0,3.9,
2025.08.27 17:49:41,494781,XAUUSD,buy,0.3,3383.35,,,2025.08.27 17:50:34,3383.48,-1.8,0,3.9,
2025.08.27 17:49:41,494782,XAUUSD,buy,0.3,3383.35,,,2025.08.27 17:50:34,3383.48,-1.8,0,3.9,
2025.08.27 17:49:41,494783,XAUUSD,buy,0.3,3383.35,,,2025.08.27 17:50:34,3383.48,-1.8,0,3.9,
2025.08.27 17:49:42,494784,XAUUSD,buy,0.3,3383.35,,,2025.08.27 17:50:34,3383.48,-1.8,0,3.9,
2025.08.27 17:49:42,494785,XAUUSD,buy,0.3,3383.35,,,2025.08.27 17:50:34,3383.48,-1.8,0,3.9,
2025.08.27 17:49:42,494786,XAUUSD,buy,0.3,3383.35,,,2025.08.27 17:50:34,3383.48,-1.8,0,3.9,
2025.08.27 17:49:46,494787,XAUUSD,buy,0.3,3383.5,,,2025.08.27 17:50:55,3383.88,-1.8,0,11.4,
